--
-- PostgreSQL database dump
--

\restrict VeRs2n9xludgffROnz3MYrddXed8WeUohYzRVW246mlIdFE0nitkw74veWA3clM

-- Dumped from database version 16.10 (Debian 16.10-1.pgdg13+1)
-- Dumped by pg_dump version 16.10 (Debian 16.10-1.pgdg13+1)

SET statement_timeout = 0;
SET lock_timeout = 0;
SET idle_in_transaction_session_timeout = 0;
SET client_encoding = 'UTF8';
SET standard_conforming_strings = on;
SELECT pg_catalog.set_config('search_path', '', false);
SET check_function_bodies = false;
SET xmloption = content;
SET client_min_messages = warning;
SET row_security = off;

SET default_tablespace = '';

SET default_table_access_method = heap;

--
-- Name: AuditLogs; Type: TABLE; Schema: public; Owner: postgres
--

CREATE TABLE public."AuditLogs" (
    "Id" integer NOT NULL,
    "UserId" integer NOT NULL,
    "Action" character varying(50) NOT NULL,
    "Date" timestamp with time zone NOT NULL,
    "Details" character varying(500) NOT NULL
);


ALTER TABLE public."AuditLogs" OWNER TO postgres;

--
-- Name: AuditLogs_Id_seq; Type: SEQUENCE; Schema: public; Owner: postgres
--

ALTER TABLE public."AuditLogs" ALTER COLUMN "Id" ADD GENERATED BY DEFAULT AS IDENTITY (
    SEQUENCE NAME public."AuditLogs_Id_seq"
    START WITH 1
    INCREMENT BY 1
    NO MINVALUE
    NO MAXVALUE
    CACHE 1
);


--
-- Name: Bookings; Type: TABLE; Schema: public; Owner: postgres
--

CREATE TABLE public."Bookings" (
    "Id" integer NOT NULL,
    "UserId" integer NOT NULL,
    "CarId" integer NOT NULL,
    "StartDate" timestamp with time zone NOT NULL,
    "EndDate" timestamp with time zone NOT NULL,
    "Status" integer NOT NULL,
    "TotalPrice" numeric(18,2) NOT NULL
);


ALTER TABLE public."Bookings" OWNER TO postgres;

--
-- Name: Bookings_Id_seq; Type: SEQUENCE; Schema: public; Owner: postgres
--

ALTER TABLE public."Bookings" ALTER COLUMN "Id" ADD GENERATED BY DEFAULT AS IDENTITY (
    SEQUENCE NAME public."Bookings_Id_seq"
    START WITH 1
    INCREMENT BY 1
    NO MINVALUE
    NO MAXVALUE
    CACHE 1
);


--
-- Name: Cars; Type: TABLE; Schema: public; Owner: postgres
--

CREATE TABLE public."Cars" (
    "Id" integer NOT NULL,
    "Brand" character varying(50) NOT NULL,
    "Model" character varying(50) NOT NULL,
    "Year" integer NOT NULL,
    "PlateNumber" character varying(20) NOT NULL,
    "VIN" character varying(50) NOT NULL,
    "Mileage" integer NOT NULL,
    "Status" integer NOT NULL,
    "PricePerDay" numeric(18,2) NOT NULL,
    "DepositAmount" numeric(18,2) NOT NULL,
    "FuelType" character varying(20) NOT NULL,
    "Transmission" character varying(20) NOT NULL,
    "Seats" integer,
    "ImageUrl" text
);


ALTER TABLE public."Cars" OWNER TO postgres;

--
-- Name: Cars_Id_seq; Type: SEQUENCE; Schema: public; Owner: postgres
--

ALTER TABLE public."Cars" ALTER COLUMN "Id" ADD GENERATED BY DEFAULT AS IDENTITY (
    SEQUENCE NAME public."Cars_Id_seq"
    START WITH 1
    INCREMENT BY 1
    NO MINVALUE
    NO MAXVALUE
    CACHE 1
);


--
-- Name: Contracts; Type: TABLE; Schema: public; Owner: postgres
--

CREATE TABLE public."Contracts" (
    "Id" integer NOT NULL,
    "BookingId" integer NOT NULL,
    "UserId" integer NOT NULL,
    "CarId" integer NOT NULL,
    "ContractDate" timestamp with time zone NOT NULL,
    "Terms" text NOT NULL,
    "IsSignedByUser" boolean NOT NULL,
    "IsSignedByAdmin" boolean NOT NULL
);


ALTER TABLE public."Contracts" OWNER TO postgres;

--
-- Name: Contracts_Id_seq; Type: SEQUENCE; Schema: public; Owner: postgres
--

ALTER TABLE public."Contracts" ALTER COLUMN "Id" ADD GENERATED BY DEFAULT AS IDENTITY (
    SEQUENCE NAME public."Contracts_Id_seq"
    START WITH 1
    INCREMENT BY 1
    NO MINVALUE
    NO MAXVALUE
    CACHE 1
);


--
-- Name: Fines; Type: TABLE; Schema: public; Owner: postgres
--

CREATE TABLE public."Fines" (
    "Id" integer NOT NULL,
    "BookingId" integer NOT NULL,
    "Description" text NOT NULL,
    "Amount" numeric(18,2) NOT NULL,
    "DateIssued" timestamp with time zone NOT NULL,
    "Status" integer NOT NULL
);


ALTER TABLE public."Fines" OWNER TO postgres;

--
-- Name: Fines_Id_seq; Type: SEQUENCE; Schema: public; Owner: postgres
--

ALTER TABLE public."Fines" ALTER COLUMN "Id" ADD GENERATED BY DEFAULT AS IDENTITY (
    SEQUENCE NAME public."Fines_Id_seq"
    START WITH 1
    INCREMENT BY 1
    NO MINVALUE
    NO MAXVALUE
    CACHE 1
);


--
-- Name: Payments; Type: TABLE; Schema: public; Owner: postgres
--

CREATE TABLE public."Payments" (
    "Id" integer NOT NULL,
    "BookingId" integer NOT NULL,
    "Amount" numeric(18,2) NOT NULL,
    "PaymentDate" timestamp with time zone NOT NULL,
    "PaymentMethod" integer NOT NULL,
    "Status" integer NOT NULL
);


ALTER TABLE public."Payments" OWNER TO postgres;

--
-- Name: Payments_Id_seq; Type: SEQUENCE; Schema: public; Owner: postgres
--

ALTER TABLE public."Payments" ALTER COLUMN "Id" ADD GENERATED BY DEFAULT AS IDENTITY (
    SEQUENCE NAME public."Payments_Id_seq"
    START WITH 1
    INCREMENT BY 1
    NO MINVALUE
    NO MAXVALUE
    CACHE 1
);


--
-- Name: Users; Type: TABLE; Schema: public; Owner: postgres
--

CREATE TABLE public."Users" (
    "Id" integer NOT NULL,
    "UserName" character varying(150) NOT NULL,
    "Email" character varying(150) NOT NULL,
    "Phone" character varying(20),
    "PasswordHash" text NOT NULL,
    "Role" integer NOT NULL,
    "DriverLicenseNumber" character varying(50),
    "DateOfBirth" timestamp with time zone NOT NULL,
    "RegistrationDate" timestamp with time zone NOT NULL,
    "Status" integer NOT NULL
);


ALTER TABLE public."Users" OWNER TO postgres;

--
-- Name: Users_Id_seq; Type: SEQUENCE; Schema: public; Owner: postgres
--

ALTER TABLE public."Users" ALTER COLUMN "Id" ADD GENERATED BY DEFAULT AS IDENTITY (
    SEQUENCE NAME public."Users_Id_seq"
    START WITH 1
    INCREMENT BY 1
    NO MINVALUE
    NO MAXVALUE
    CACHE 1
);


--
-- Name: __EFMigrationsHistory; Type: TABLE; Schema: public; Owner: postgres
--

CREATE TABLE public."__EFMigrationsHistory" (
    "MigrationId" character varying(150) NOT NULL,
    "ProductVersion" character varying(32) NOT NULL
);


ALTER TABLE public."__EFMigrationsHistory" OWNER TO postgres;

--
-- Data for Name: AuditLogs; Type: TABLE DATA; Schema: public; Owner: postgres
--

COPY public."AuditLogs" ("Id", "UserId", "Action", "Date", "Details") FROM stdin;
\.


--
-- Data for Name: Bookings; Type: TABLE DATA; Schema: public; Owner: postgres
--

COPY public."Bookings" ("Id", "UserId", "CarId", "StartDate", "EndDate", "Status", "TotalPrice") FROM stdin;
1	2	2	2025-10-14 18:20:07.156+00	2025-10-14 18:20:07.156+00	1	0.00
4	2	2	2025-10-22 22:06:01.564+00	2025-10-22 22:06:01.564+00	1	0.00
5	2	2	2025-10-23 00:00:00+00	2025-10-24 00:00:00+00	1	100.00
3	2	8	2025-10-20 16:04:35.229+00	2025-10-20 16:04:35.229+00	4	0.00
2	2	8	2025-10-20 16:04:31.481+00	2025-10-20 16:04:31.481+00	2	0.00
7	1	2	2025-10-26 00:00:00+00	2025-10-27 00:00:00+00	0	100.00
8	2	8	2025-10-28 00:00:00+00	2025-10-29 00:00:00+00	0	0.00
6	1	2	2025-10-24 00:00:00+00	2025-10-25 00:00:00+00	4	100.00
9	43	3	2025-10-31 00:00:00+00	2025-11-02 00:00:00+00	1	160.00
\.


--
-- Data for Name: Cars; Type: TABLE DATA; Schema: public; Owner: postgres
--

COPY public."Cars" ("Id", "Brand", "Model", "Year", "PlateNumber", "VIN", "Mileage", "Status", "PricePerDay", "DepositAmount", "FuelType", "Transmission", "Seats", "ImageUrl") FROM stdin;
4	BMW	320i	2021	JKL012	WBA8E9G51GNU12345	12000	0	150.00	600.00	Petrol	Automatic	5	http://localhost:9000/cars-images/cf3de11f-91c3-4640-94fc-89b1d9e075b8_content-uploads-2024-04-bmw-320i-2005-chernyj-benzin-8-480x600.jpg
8	Auto	Test	2000	TE1111ST	TEST7AN4FE123456	100	0	10.00	0.00	Petrol	Manual	2	\N
1	Toyota	Corolla	2020	ABC123	1HGCM82633A004352	15000	0	100.00	500.00	Petrol	Automatic	5	http://localhost:9000/cars-images/45e8f08d-28d6-4f49-82b9-28d152b0e413_image.webp
2	Toyota	Corolla	2020	ABC124	1HGCM82633A005352	10000	1	100.00	500.00	Petrol	Automatic	4	http://localhost:9000/cars-images/207dc4cd-4046-434c-90c2-60bf47c00143_images.vehistools.webp
3	Ford	Focus	2018	GHI789	1FAHP3K26CL123456	30000	0	80.00	350.00	Diesel	Automatic	5	http://localhost:9000/cars-images/88eaff2e-516b-4c12-af24-e8b1f3d7db0b_FORD-FOCUS-III-1-5-TDCi-120-KM.jpg
5	Mercedes	C200	2020	MNO345	WDDGF8AB1EA123456	10000	0	160.00	700.00	Petrol	Automatic	5	http://localhost:9000/cars-images/984c6aa9-e1ce-4071-801a-f2556d596d95_image.webp
6	Audi	A4	2019	PQR678	WAUZZZ8K0DA123456	25000	0	140.00	600.00	Petrol	Automatic	5	http://localhost:9000/cars-images/c6bc941c-d14c-4fdb-8ed6-8ad88d233d6b_image.webp
7	Volkswagen	Golf	2018	STU901	WVWMN7AN4FE123456	32000	0	90.00	400.00	Diesel	Manual	5	http://localhost:9000/cars-images/d76584ff-894b-4b4a-b638-570c6f81098f_volkswagen_golf__619553419fx.jpg
9	Hyundai	Elantra	2020	YZA567	KMHD84LF4LU123456	14000	0	85.00	350.00	Petrol	Automatic	5	http://localhost:9000/cars-images/aa402e51-2777-4680-a237-67391104d27a_image.webp
10	Kia	Optima	2019	BCD890	5XXGT4L36KG123456	20000	0	95.00	400.00	Petrol	Automatic	5	http://localhost:9000/cars-images/6ae7ca63-b492-4256-b4ea-a80cdad5641b_image.webp
11	Mazda	6	2018	EFG123	JM1GL1V53J1234567	28000	0	90.00	350.00	Petrol	Manual	5	http://localhost:9000/cars-images/000e744e-a5ce-4bb2-8f21-e9ca923c70d4_mazda_6__619858996fx.jpg
12	Subaru	Impreza	2021	HIJ456	JF1GPAL69FH123456	13000	0	100.00	450.00	Petrol	Automatic	5	http://localhost:9000/cars-images/96c87a66-4d77-4887-adcd-637b7e697b29_subaru_impreza-wrx-sti__619717609fx.jpg
13	Chevrolet	Malibu	2020	KLM789	1G1ZD5ST5LF123456	15000	0	95.00	400.00	Petrol	Automatic	5	http://localhost:9000/cars-images/51378e42-7bf1-4d6e-a5f5-eb9101471761_chevrolet_malibu__616285250bx.jpg
14	Toyota	Camry	2021	NOP012	4T1BF1FK0HU123456	12000	0	120.00	500.00	Petrol	Automatic	5	http://localhost:9000/cars-images/01a1a2f2-f6c7-4bba-b83f-9e41ec57910f_image.webp
15	Honda	Accord	2020	QRS345	1HGCV1F30LA123456	18000	0	110.00	500.00	Petrol	Automatic	5	http://localhost:9000/cars-images/5af18969-74ba-4623-a501-45ddf219d2c5_honda_accord__617285224bx.jpg
16	Ford	Fusion	2019	TUV678	3FA6P0H73KR123456	22000	0	95.00	400.00	Petrol	Automatic	5	http://localhost:9000/cars-images/ccdaa798-66be-4d8c-9fb6-61f42ff48304_image.webp
17	BMW	X3	2021	WXY901	5UXTY3C01M1234567	10000	0	170.00	700.00	Petrol	Automatic	5	http://localhost:9000/cars-images/3e4f5f7f-b081-48cb-a8aa-3021a135eff8_bmw-x3-visureigis--krosoveris-2007.jpg
18	Mercedes	GLC	2020	YZA234	WDC0G4KB2LF123456	15000	0	180.00	800.00	Diesel	Automatic	5	http://localhost:9000/cars-images/c8235166-4752-47e4-863c-ca7eeb51137b_mercedes-benz_glc-class__616338744fx.jpg
19	Audi	Q5	2021	BCD567	WA1BNAFY6M1234567	9000	0	160.00	700.00	Petrol	Automatic	5	http://localhost:9000/cars-images/ed444b36-a1e3-4515-9839-249d64e5cba3_audi_q5__620675023bx.jpg
20	Volkswagen	Passat	2019	EFG890	1VWAA7A34KC123456	20000	0	120.00	500.00	Diesel	Automatic	5	http://localhost:9000/cars-images/141495d3-97e2-4716-8848-c2025a7271ec_2062.jpg
21	Honda	Civic	2019	DEF456	2HGES267X5H567890	22000	0	90.00	400.00	Petrol	Manual	5	http://localhost:9000/cars-images/5baef2e2-a49f-4dad-9ee8-ef1be5263f73_kfz112384544_img_3795__du_y_.jpg
22	Nissan	Altima	2021	VWX234	1N4AL3AP1HC123456	11000	0	110.00	500.00	Petrol	Automatic	5	http://localhost:9000/cars-images/0e2458b0-59a0-4e06-bf0b-0f8bdcaa625a_nissan_altima__609251857fx.jpg
\.


--
-- Data for Name: Contracts; Type: TABLE DATA; Schema: public; Owner: postgres
--

COPY public."Contracts" ("Id", "BookingId", "UserId", "CarId", "ContractDate", "Terms", "IsSignedByUser", "IsSignedByAdmin") FROM stdin;
\.


--
-- Data for Name: Fines; Type: TABLE DATA; Schema: public; Owner: postgres
--

COPY public."Fines" ("Id", "BookingId", "Description", "Amount", "DateIssued", "Status") FROM stdin;
1	1	Ме	10.00	2025-10-14 18:21:30.151098+00	1
2	6	Штраф тест	110.00	2025-10-26 18:58:59.521678+00	1
\.


--
-- Data for Name: Payments; Type: TABLE DATA; Schema: public; Owner: postgres
--

COPY public."Payments" ("Id", "BookingId", "Amount", "PaymentDate", "PaymentMethod", "Status") FROM stdin;
\.


--
-- Data for Name: Users; Type: TABLE DATA; Schema: public; Owner: postgres
--

COPY public."Users" ("Id", "UserName", "Email", "Phone", "PasswordHash", "Role", "DriverLicenseNumber", "DateOfBirth", "RegistrationDate", "Status") FROM stdin;
2	admin	admin@gmail.com	\N	$2a$11$I5ymS7pDE/W1d7SRleAasOX.7F/n8ZS4eILogQp01xkK5ljfh4S0O	1	\N	2005-10-14 15:46:53.212+00	2025-10-14 15:47:21.101182+00	0
43	User	user@gmail.com	\N	$2a$11$lEULxAQVLcnwM/jI6HfxIewcSKzERqNZF8/q/I05kT5uZr08Rul66	0	\N	1997-06-05 00:00:00+00	2025-10-30 22:40:44.144795+00	0
3	кош	string	\N	$2a$11$ChMI0x7Uwrdp/lEzZ4mUCOQpL7LnJAos.YlcjFapKrDx9TKxF6bCe	0	\N	2025-10-22 16:10:20.932+00	2025-10-22 16:10:32.529303+00	1
44	Admin2	admin123214@gmail.com	\N	$2a$11$5lowaGZx3eSah92P9z1SpeB0bSCgvF3S.sNTwCEAMInNCOrLUgcJO	1	\N	2026-04-21 00:00:00+00	2026-04-21 14:34:28.03804+00	0
1	string	string@gmail.com	\N	$2a$11$3Ozb7cxovMT5BEphQuayMeRswY0KVQAJoTVyFICz6vgnjMhSfJL36	0	\N	2025-09-29 20:23:10.943+00	2025-09-29 20:23:12.048913+00	1
30	123	strin123g@gmail.com	\N	$2a$11$T13RNTGNqgJV47MVHdSNw.vgmwPLiW5BGCVtmuoCZS3XadCaHt9Jy	0	\N	2025-10-28 00:00:00+00	2025-10-28 14:27:12.095663+00	0
\.


--
-- Data for Name: __EFMigrationsHistory; Type: TABLE DATA; Schema: public; Owner: postgres
--

COPY public."__EFMigrationsHistory" ("MigrationId", "ProductVersion") FROM stdin;
20250929202138_initial	9.0.9
20250929202242_initial2	9.0.9
20251029230058_addImageURL	9.0.9
\.


--
-- Name: AuditLogs_Id_seq; Type: SEQUENCE SET; Schema: public; Owner: postgres
--

SELECT pg_catalog.setval('public."AuditLogs_Id_seq"', 1, false);


--
-- Name: Bookings_Id_seq; Type: SEQUENCE SET; Schema: public; Owner: postgres
--

SELECT pg_catalog.setval('public."Bookings_Id_seq"', 9, true);


--
-- Name: Cars_Id_seq; Type: SEQUENCE SET; Schema: public; Owner: postgres
--

SELECT pg_catalog.setval('public."Cars_Id_seq"', 8, true);


--
-- Name: Contracts_Id_seq; Type: SEQUENCE SET; Schema: public; Owner: postgres
--

SELECT pg_catalog.setval('public."Contracts_Id_seq"', 1, false);


--
-- Name: Fines_Id_seq; Type: SEQUENCE SET; Schema: public; Owner: postgres
--

SELECT pg_catalog.setval('public."Fines_Id_seq"', 2, true);


--
-- Name: Payments_Id_seq; Type: SEQUENCE SET; Schema: public; Owner: postgres
--

SELECT pg_catalog.setval('public."Payments_Id_seq"', 1, false);


--
-- Name: Users_Id_seq; Type: SEQUENCE SET; Schema: public; Owner: postgres
--

SELECT pg_catalog.setval('public."Users_Id_seq"', 44, true);


--
-- Name: AuditLogs PK_AuditLogs; Type: CONSTRAINT; Schema: public; Owner: postgres
--

ALTER TABLE ONLY public."AuditLogs"
    ADD CONSTRAINT "PK_AuditLogs" PRIMARY KEY ("Id");


--
-- Name: Bookings PK_Bookings; Type: CONSTRAINT; Schema: public; Owner: postgres
--

ALTER TABLE ONLY public."Bookings"
    ADD CONSTRAINT "PK_Bookings" PRIMARY KEY ("Id");


--
-- Name: Cars PK_Cars; Type: CONSTRAINT; Schema: public; Owner: postgres
--

ALTER TABLE ONLY public."Cars"
    ADD CONSTRAINT "PK_Cars" PRIMARY KEY ("Id");


--
-- Name: Contracts PK_Contracts; Type: CONSTRAINT; Schema: public; Owner: postgres
--

ALTER TABLE ONLY public."Contracts"
    ADD CONSTRAINT "PK_Contracts" PRIMARY KEY ("Id");


--
-- Name: Fines PK_Fines; Type: CONSTRAINT; Schema: public; Owner: postgres
--

ALTER TABLE ONLY public."Fines"
    ADD CONSTRAINT "PK_Fines" PRIMARY KEY ("Id");


--
-- Name: Payments PK_Payments; Type: CONSTRAINT; Schema: public; Owner: postgres
--

ALTER TABLE ONLY public."Payments"
    ADD CONSTRAINT "PK_Payments" PRIMARY KEY ("Id");


--
-- Name: Users PK_Users; Type: CONSTRAINT; Schema: public; Owner: postgres
--

ALTER TABLE ONLY public."Users"
    ADD CONSTRAINT "PK_Users" PRIMARY KEY ("Id");


--
-- Name: __EFMigrationsHistory PK___EFMigrationsHistory; Type: CONSTRAINT; Schema: public; Owner: postgres
--

ALTER TABLE ONLY public."__EFMigrationsHistory"
    ADD CONSTRAINT "PK___EFMigrationsHistory" PRIMARY KEY ("MigrationId");


--
-- Name: IX_AuditLogs_UserId; Type: INDEX; Schema: public; Owner: postgres
--

CREATE INDEX "IX_AuditLogs_UserId" ON public."AuditLogs" USING btree ("UserId");


--
-- Name: IX_Bookings_CarId; Type: INDEX; Schema: public; Owner: postgres
--

CREATE INDEX "IX_Bookings_CarId" ON public."Bookings" USING btree ("CarId");


--
-- Name: IX_Bookings_UserId; Type: INDEX; Schema: public; Owner: postgres
--

CREATE INDEX "IX_Bookings_UserId" ON public."Bookings" USING btree ("UserId");


--
-- Name: IX_Cars_PlateNumber; Type: INDEX; Schema: public; Owner: postgres
--

CREATE UNIQUE INDEX "IX_Cars_PlateNumber" ON public."Cars" USING btree ("PlateNumber");


--
-- Name: IX_Cars_VIN; Type: INDEX; Schema: public; Owner: postgres
--

CREATE UNIQUE INDEX "IX_Cars_VIN" ON public."Cars" USING btree ("VIN");


--
-- Name: IX_Contracts_BookingId; Type: INDEX; Schema: public; Owner: postgres
--

CREATE UNIQUE INDEX "IX_Contracts_BookingId" ON public."Contracts" USING btree ("BookingId");


--
-- Name: IX_Contracts_CarId; Type: INDEX; Schema: public; Owner: postgres
--

CREATE INDEX "IX_Contracts_CarId" ON public."Contracts" USING btree ("CarId");


--
-- Name: IX_Contracts_UserId; Type: INDEX; Schema: public; Owner: postgres
--

CREATE INDEX "IX_Contracts_UserId" ON public."Contracts" USING btree ("UserId");


--
-- Name: IX_Fines_BookingId; Type: INDEX; Schema: public; Owner: postgres
--

CREATE INDEX "IX_Fines_BookingId" ON public."Fines" USING btree ("BookingId");


--
-- Name: IX_Payments_BookingId; Type: INDEX; Schema: public; Owner: postgres
--

CREATE INDEX "IX_Payments_BookingId" ON public."Payments" USING btree ("BookingId");


--
-- Name: IX_Users_Email; Type: INDEX; Schema: public; Owner: postgres
--

CREATE UNIQUE INDEX "IX_Users_Email" ON public."Users" USING btree ("Email");


--
-- Name: AuditLogs FK_AuditLogs_Users_UserId; Type: FK CONSTRAINT; Schema: public; Owner: postgres
--

ALTER TABLE ONLY public."AuditLogs"
    ADD CONSTRAINT "FK_AuditLogs_Users_UserId" FOREIGN KEY ("UserId") REFERENCES public."Users"("Id") ON DELETE CASCADE;


--
-- Name: Bookings FK_Bookings_Cars_CarId; Type: FK CONSTRAINT; Schema: public; Owner: postgres
--

ALTER TABLE ONLY public."Bookings"
    ADD CONSTRAINT "FK_Bookings_Cars_CarId" FOREIGN KEY ("CarId") REFERENCES public."Cars"("Id") ON DELETE RESTRICT;


--
-- Name: Bookings FK_Bookings_Users_UserId; Type: FK CONSTRAINT; Schema: public; Owner: postgres
--

ALTER TABLE ONLY public."Bookings"
    ADD CONSTRAINT "FK_Bookings_Users_UserId" FOREIGN KEY ("UserId") REFERENCES public."Users"("Id") ON DELETE RESTRICT;


--
-- Name: Contracts FK_Contracts_Bookings_BookingId; Type: FK CONSTRAINT; Schema: public; Owner: postgres
--

ALTER TABLE ONLY public."Contracts"
    ADD CONSTRAINT "FK_Contracts_Bookings_BookingId" FOREIGN KEY ("BookingId") REFERENCES public."Bookings"("Id") ON DELETE CASCADE;


--
-- Name: Contracts FK_Contracts_Cars_CarId; Type: FK CONSTRAINT; Schema: public; Owner: postgres
--

ALTER TABLE ONLY public."Contracts"
    ADD CONSTRAINT "FK_Contracts_Cars_CarId" FOREIGN KEY ("CarId") REFERENCES public."Cars"("Id") ON DELETE RESTRICT;


--
-- Name: Contracts FK_Contracts_Users_UserId; Type: FK CONSTRAINT; Schema: public; Owner: postgres
--

ALTER TABLE ONLY public."Contracts"
    ADD CONSTRAINT "FK_Contracts_Users_UserId" FOREIGN KEY ("UserId") REFERENCES public."Users"("Id") ON DELETE RESTRICT;


--
-- Name: Fines FK_Fines_Bookings_BookingId; Type: FK CONSTRAINT; Schema: public; Owner: postgres
--

ALTER TABLE ONLY public."Fines"
    ADD CONSTRAINT "FK_Fines_Bookings_BookingId" FOREIGN KEY ("BookingId") REFERENCES public."Bookings"("Id") ON DELETE CASCADE;


--
-- Name: Payments FK_Payments_Bookings_BookingId; Type: FK CONSTRAINT; Schema: public; Owner: postgres
--

ALTER TABLE ONLY public."Payments"
    ADD CONSTRAINT "FK_Payments_Bookings_BookingId" FOREIGN KEY ("BookingId") REFERENCES public."Bookings"("Id") ON DELETE CASCADE;


--
-- PostgreSQL database dump complete
--

\unrestrict VeRs2n9xludgffROnz3MYrddXed8WeUohYzRVW246mlIdFE0nitkw74veWA3clM

